model,seconds
prophet,2.785550594329834
arima,62.66508984565735
svr,91.56246328353882
xgboost,93.89327383041382
catboost,371.2233991622925
gnn,56.09295129776001
transformer,1670.3074662685394
rnn,174.75869727134705
lstm,2699.6355624198914
rf_ga,5587.135941028595
rf_randomized,106.670654296875
rf_grid,2444.1298518180847
mlp_ga,19284.55513572693
mlp_randomized,34.32603192329407
mlp_grid,4581.681509017944
