model,seconds
prophet,3.805819272994995
arima,76.07853579521179
svr,89.22033619880676
xgboost,73.80457258224487
catboost,290.41414427757263
gnn,52.523499965667725
transformer,1468.66592669487
rnn,166.85366940498352
lstm,2496.75683259964
rf_ga,13848.672038316727
rf_randomized,62.75382041931152
rf_grid,2372.323058605194
mlp_ga,13521.648069143295
mlp_randomized,53.98957848548889
mlp_grid,6212.699088335037
