model,RMSE,R2,MAPE
prophet,51.61718219357625,0.22035934718217398,0.16087976954266714
