model,RMSE,R2,MAPE
prophet,50.79495376719459,0.2449998634449404,0.15631503861790946
